{
    "classification_report": {
        "0": {
            "precision": 0.9997712073213657,
            "recall": 0.9989976083286438,
            "f1-score": 0.9993842581189966,
            "support": 56864.0
        },
        "1": {
            "precision": 0.5985915492957746,
            "recall": 0.8673469387755102,
            "f1-score": 0.7083333333333334,
            "support": 98.0
        },
        "accuracy": 0.9987711105649381,
        "macro avg": {
            "precision": 0.7991813783085702,
            "recall": 0.933172273552077,
            "f1-score": 0.853858795726165,
            "support": 56962.0
        },
        "weighted avg": {
            "precision": 0.9990809997007325,
            "recall": 0.9987711105649381,
            "f1-score": 0.9988835209498488,
            "support": 56962.0
        }
    },
    "confusion_matrix": [
        [
            56807,
            57
        ],
        [
            13,
            85
        ]
    ],
    "roc_auc": 0.9829340395415341
}